ID,Total,Incomparable,Concordant,Discordant,sample1.x,sample1.y,sample2.x,sample2.y,sample3.x,sample3.y,sample4.x,sample4.y,sample5.x,sample5.y,sample6.x,sample6.y,sample7.x,sample7.y,sample8.x,sample8.y,sample9.x,sample9.y,sample10.x,sample10.y,sample11.x,sample11.y,sample12.x,sample12.y,sample13.x,sample13.y,sample14.x,sample14.y,sample19.x,sample19.y,sample20.x,sample20.y
markers1,16,0,15,1,G/G,G/G,G/G,G/G,G/G,G/G,G/G,G/G,G/G,G/G,G/G,G/G,G/G,G/G,G/G,G/G,G/G,G/G,G/G,G/G,G/G,G/G,G/G,G/G,G/G,G/G,G/G,G/G,G/G,A/G,G/G,G/G
markers10,16,0,16,0,T/T,T/T,T/T,T/T,T/T,T/T,T/T,T/T,T/T,T/T,T/T,T/T,T/T,T/T,T/T,T/T,T/T,T/T,T/T,T/T,T/T,T/T,T/T,T/T,T/T,T/T,T/T,T/T,T/T,T/T,T/T,T/T
markers11,16,0,16,0,G/T,G/T,T/T,T/T,G/T,G/T,T/T,T/T,T/T,T/T,G/T,G/T,G/G,G/G,G/T,G/T,T/T,T/T,T/T,T/T,T/T,T/T,T/T,T/T,G/T,G/T,T/T,T/T,T/T,T/T,G/T,G/T
markers12,16,0,16,0,A/A,A/A,A/A,A/A,A/A,A/A,A/A,A/A,A/A,A/A,A/A,A/A,A/A,A/A,A/A,A/A,A/A,A/A,A/A,A/A,A/A,A/A,A/A,A/A,A/A,A/A,A/A,A/A,A/A,A/A,A/A,A/A
markers13,16,0,16,0,G/G,G/G,G/G,G/G,G/G,G/G,G/G,G/G,G/G,G/G,G/G,G/G,G/G,G/G,G/G,G/G,G/G,G/G,G/G,G/G,G/G,G/G,G/G,G/G,G/G,G/G,G/G,G/G,G/G,G/G,G/G,G/G
markers14,16,0,16,0,T/T,T/T,T/T,T/T,T/T,T/T,T/T,T/T,T/T,T/T,T/T,T/T,T/T,T/T,T/T,T/T,T/T,T/T,T/T,T/T,T/T,T/T,T/T,T/T,T/T,T/T,T/T,T/T,T/T,T/T,T/T,T/T
markers15,16,0,16,0,C/C,C/C,C/C,C/C,C/C,C/C,C/C,C/C,C/C,C/C,C/C,C/C,C/C,C/C,C/C,C/C,C/C,C/C,C/C,C/C,C/C,C/C,C/C,C/C,C/C,C/C,C/C,C/C,C/C,C/C,C/C,C/C
markers16,16,0,15,1,A/G,A/G,A/A,A/A,A/A,A/A,A/G,A/G,A/G,A/G,A/A,A/A,A/A,A/A,A/A,A/A,A/A,A/A,A/A,A/A,A/A,A/A,A/G,A/G,A/A,A/A,A/A,A/A,A/A,A/G,A/G,A/G
markers17,16,0,16,0,A/A,A/A,A/A,A/A,A/A,A/A,A/A,A/A,A/A,A/A,A/A,A/A,A/A,A/A,A/A,A/A,A/A,A/A,A/A,A/A,A/A,A/A,A/A,A/A,A/A,A/A,A/A,A/A,A/A,A/A,A/A,A/A
markers18,16,0,14,2,G/G,G/G,A/G,A/G,A/G,A/G,G/G,G/G,G/G,G/G,G/G,G/G,G/G,G/G,G/G,G/G,G/G,G/G,G/G,G/G,G/G,G/G,A/G,A/G,A/G,A/G,A/G,A/G,A/A,A/G,A/A,A/G
markers19,16,0,15,1,T/T,T/T,C/C,C/C,C/T,C/T,T/T,T/T,T/T,T/T,T/T,T/T,T/T,T/T,T/T,T/T,T/T,T/T,T/T,T/T,T/T,T/T,C/T,C/T,T/T,T/T,T/T,T/T,C/T,T/T,C/T,C/T
markers2,16,0,16,0,T/T,T/T,C/T,C/T,C/T,C/T,C/T,C/T,T/T,T/T,C/T,C/T,T/T,T/T,T/T,T/T,T/T,T/T,T/T,T/T,C/T,C/T,C/T,C/T,C/T,C/T,T/T,T/T,T/T,T/T,T/T,T/T
markers20,16,0,16,0,T/T,T/T,T/T,T/T,T/T,T/T,T/T,T/T,T/T,T/T,T/T,T/T,T/T,T/T,T/T,T/T,T/T,T/T,T/T,T/T,T/T,T/T,T/T,T/T,T/T,T/T,T/T,T/T,T/T,T/T,T/T,T/T
markers21,16,0,15,1,T/T,T/T,T/T,T/T,G/T,G/T,T/T,T/T,G/T,G/T,G/G,G/G,G/T,G/T,G/G,G/G,T/T,T/T,T/T,T/T,T/T,T/T,T/T,T/T,T/T,T/T,T/T,T/T,T/T,T/T,T/T,G/T
markers22,16,0,16,0,C/C,C/C,C/C,C/C,C/C,C/C,C/C,C/C,C/C,C/C,C/C,C/C,C/C,C/C,C/C,C/C,C/C,C/C,C/C,C/C,C/C,C/C,C/C,C/C,C/C,C/C,C/C,C/C,C/C,C/C,C/C,C/C
markers23,16,0,16,0,A/A,A/A,A/A,A/A,A/A,A/A,A/A,A/A,A/A,A/A,A/G,A/G,A/A,A/A,A/A,A/A,A/A,A/A,A/A,A/A,A/A,A/A,A/A,A/A,A/A,A/A,A/A,A/A,A/A,A/A,A/A,A/A
markers24,16,0,16,0,A/A,A/A,A/A,A/A,A/A,A/A,A/A,A/A,A/A,A/A,A/A,A/A,A/A,A/A,A/A,A/A,A/A,A/A,A/A,A/A,A/A,A/A,A/A,A/A,A/A,A/A,A/A,A/A,A/A,A/A,A/A,A/A
markers25,16,0,16,0,T/T,T/T,T/T,T/T,T/T,T/T,T/T,T/T,T/T,T/T,T/T,T/T,T/T,T/T,T/T,T/T,T/T,T/T,T/T,T/T,T/T,T/T,T/T,T/T,T/T,T/T,T/T,T/T,T/T,T/T,T/T,T/T
markers26,16,0,15,1,T/T,T/T,T/T,T/T,T/T,T/T,T/T,T/T,T/T,T/T,T/T,T/T,T/T,T/T,T/T,T/T,T/T,T/T,C/T,C/T,T/T,T/T,T/T,T/T,T/T,T/T,T/T,T/T,T/T,T/T,C/T,T/T
markers27,16,0,16,0,T/T,T/T,T/T,T/T,T/T,T/T,T/T,T/T,T/T,T/T,T/T,T/T,T/T,T/T,T/T,T/T,T/T,T/T,T/T,T/T,T/T,T/T,T/T,T/T,T/T,T/T,T/T,T/T,T/T,T/T,T/T,T/T
markers28,16,0,16,0,T/T,T/T,T/T,T/T,T/T,T/T,T/T,T/T,T/T,T/T,T/T,T/T,T/T,T/T,T/T,T/T,C/T,C/T,T/T,T/T,T/T,T/T,T/T,T/T,T/T,T/T,T/T,T/T,T/T,T/T,T/T,T/T
markers29,16,0,15,1,A/G,A/G,A/G,A/G,A/A,A/A,A/A,A/A,A/A,A/A,A/G,A/G,A/G,A/G,G/G,G/G,A/A,A/A,A/A,A/A,A/G,A/G,A/A,A/A,A/A,A/A,A/G,A/G,A/A,A/A,A/A,A/G
markers3,16,0,14,2,C/C,C/C,T/T,T/T,C/T,C/T,T/T,T/T,C/T,C/T,C/C,C/C,C/T,C/T,C/C,C/C,C/T,C/T,T/T,T/T,C/C,C/C,C/T,C/T,C/C,C/C,T/T,T/T,C/C,C/T,C/C,C/T
markers30,16,0,14,2,A/A,A/A,A/A,A/A,A/G,A/G,A/G,A/G,A/A,A/A,A/A,A/A,A/A,A/A,A/A,A/A,A/A,A/A,A/G,A/G,A/G,A/G,A/A,A/A,A/G,A/G,A/G,A/G,A/G,G/G,A/G,A/A
markers4,16,0,16,0,C/C,C/C,C/C,C/C,C/C,C/C,C/C,C/C,C/C,C/C,C/C,C/C,C/C,C/C,C/C,C/C,C/C,C/C,C/C,C/C,C/C,C/C,C/C,C/C,C/C,C/C,C/C,C/C,C/C,C/C,C/C,C/C
markers5,16,0,16,0,G/G,G/G,G/G,G/G,G/G,G/G,G/G,G/G,G/G,G/G,G/G,G/G,G/G,G/G,G/G,G/G,G/G,G/G,G/G,G/G,G/G,G/G,G/G,G/G,G/G,G/G,G/G,G/G,G/G,G/G,G/G,G/G
markers6,16,0,15,1,C/C,C/C,C/C,C/C,C/C,C/C,C/T,C/T,C/C,C/C,C/T,C/T,C/T,C/T,C/T,C/T,C/C,C/C,C/T,C/T,C/C,C/C,T/T,T/T,T/T,T/T,C/T,C/T,T/T,C/C,C/T,C/T
markers7,16,0,15,1,C/T,C/T,T/T,T/T,T/T,T/T,T/T,T/T,C/T,C/T,C/C,C/C,C/T,C/T,C/T,C/T,T/T,T/T,C/T,C/T,C/C,C/C,C/T,C/T,C/T,C/T,T/T,T/T,T/T,C/C,T/T,T/T
markers8,16,0,14,2,G/G,G/G,G/G,G/G,G/G,G/G,G/G,G/G,G/G,G/G,G/G,G/G,G/G,G/G,G/G,G/G,G/G,G/G,G/G,G/G,A/G,A/G,A/G,A/G,G/G,G/G,G/G,G/G,G/G,A/G,A/A,G/G
markers9,16,0,16,0,G/G,G/G,G/G,G/G,G/G,G/G,G/G,G/G,G/G,G/G,G/G,G/G,G/G,G/G,G/G,G/G,G/G,G/G,G/G,G/G,G/G,G/G,G/G,G/G,G/G,G/G,G/G,G/G,G/G,G/G,G/G,G/G
