Sample,markers1,markers2,markers3,markers4,markers5,markers6,markers7,markers8,markers9,markers10,markers11,markers12,markers13,markers14,markers15,markers16,markers17,markers18,markers19,markers20,markers21,markers22,markers23,markers24,markers25,markers26,markers27,markers28,markers29,markers30
sample1,G/G,T/T,C/C,C/C,G/G,C/C,T/C,G/G,G/G,T/T,G/T,A/A,G/G,T/T,C/C,A/G,A/A,G/G,T/T,T/T,T/T,C/C,A/A,A/A,T/T,T/T,T/T,T/T,A/G,A/A
sample2,G/G,C/T,T/T,C/C,G/G,C/C,T/T,G/G,G/G,T/T,T/T,A/A,G/G,T/T,C/C,A/A,A/A,G/A,C/C,T/T,T/T,C/C,A/A,A/A,T/T,T/T,T/T,T/T,A/G,A/A
sample3,G/G,C/T,C/T,C/C,G/G,C/C,T/T,G/G,G/G,T/T,G/T,A/A,G/G,T/T,C/C,A/A,A/A,G/A,C/T,T/T,G/T,C/C,A/A,A/A,T/T,T/T,T/T,T/T,A/A,G/A
sample4,G/G,C/T,T/T,C/C,G/G,C/T,T/T,G/G,G/G,T/T,T/T,A/A,G/G,T/T,C/C,A/G,A/A,G/G,T/T,T/T,T/T,C/C,A/A,A/A,T/T,T/T,T/T,T/T,A/A,G/A
sample5,G/G,T/T,C/T,C/C,G/G,C/C,T/C,G/G,G/G,T/T,T/T,A/A,G/G,T/T,C/C,A/G,A/A,G/G,T/T,T/T,G/T,C/C,A/A,A/A,T/T,T/T,T/T,T/T,A/A,A/A
sample6,G/G,C/T,C/C,C/C,G/G,C/T,C/C,G/G,G/G,T/T,G/T,A/A,G/G,T/T,C/C,A/A,A/A,G/G,T/T,T/T,G/G,C/C,G/A,A/A,T/T,T/T,T/T,T/T,A/G,A/A
sample7,G/G,T/T,C/T,C/C,G/G,C/T,T/C,G/G,G/G,T/T,G/G,A/A,G/G,T/T,C/C,A/A,A/A,G/G,T/T,T/T,G/T,C/C,A/A,A/A,T/T,T/T,T/T,T/T,A/G,A/A
sample8,G/G,T/T,C/C,C/C,G/G,C/T,T/C,G/G,G/G,T/T,G/T,A/A,G/G,T/T,C/C,A/A,A/A,G/G,T/T,T/T,G/G,C/C,A/A,A/A,T/T,T/T,T/T,T/T,G/G,A/A
sample9,G/G,T/T,C/T,C/C,G/G,C/C,T/T,G/G,G/G,T/T,T/T,A/A,G/G,T/T,C/C,A/A,A/A,G/G,T/T,T/T,T/T,C/C,A/A,A/A,T/T,T/T,T/T,T/C,A/A,A/A
sample10,G/G,T/T,T/T,C/C,G/G,C/T,T/C,G/G,G/G,T/T,T|T,A/A,G/G,T/T,C/C,A/A,A/A,G/G,T/T,T/T,T/T,C/C,A/A,A/A,T/T,C/T,T/T,T/T,A/A,G/A
sample11,G/G,C/T,C/C,C/C,G/G,C/C,C/C,G/A,G/G,T/T,T/T,A/A,G/G,T/T,C/C,A/A,A/A,G/G,T/T,T/T,T/T,C/C,A/A,A/A,T/T,T/T,T/T,T/T,A/G,G/A
sample12,G/G,C/T,C/T,C/C,G/G,T/T,T/C,G/A,G/G,T/T,T/T,A/A,G/G,T/T,C/C,A/G,A/A,G/A,C/T,T/T,T/T,C/C,A/A,A/A,T/T,T/T,T/T,T/T,A/A,A/A
sample13,G/G,C/T,C/C,C/C,G/G,T/T,T/C,G/G,G/G,T/T,G/T,A/A,G/G,T/T,C/C,A/A,A/A,G/A,T/T,T/T,T/T,C/C,A/A,A/A,T/T,T/T,T/T,T/T,A/A,G/A
sample14,G/G,T/T,T/T,C/C,G/G,C/T,T/T,G/G,G/G,T/T,T|T,A/A,G/G,T/T,C/C,A/A,A/A,G/A,T/T,T/T,T/T,C/C,A/A,A/A,T/T,T/T,T/T,T/T,A/G,G/A
sample19,A/G,T/T,C/T,C/C,G/G,C/C,C/C,G/A,G/G,T/T,T/T,A/A,G/G,T/T,C/C,A/G,A/A,G/A,T/T,T/T,T/T,C/C,A/A,A/A,T/T,T/T,T/T,T/T,A/A,G/G
sample20,G/G,T/T,C/T,C/C,G/G,C/T,T/T,G/G,G/G,T/T,G/T,A/A,G/G,T/T,C/C,A/G,A/A,G/A,C/T,T/T,G/T,C/C,A/A,A/A,T/T,T/T,T/T,T/T,A/G,A/A
sample21,G/G,C/C,C/C,C/C,G/G,T/T,T/C,G/G,G/G,T/T,T|T,A/A,G/G,T/T,C/C,A/G,A/A,G/G,T/T,T/T,G/G,C/C,A/A,A/A,T/T,T/T,T/T,T/T,A/G,G/A
sample22,A/G,T/T,C/C,C/C,G/G,C/C,C/C,G/A,G/G,T/T,G/T,A/A,G/G,T/T,C/C,A/A,A/A,G/A,T/T,T/T,T/T,C/C,A/A,A/C,T/T,T/T,T/T,T/C,A/G,G/A
sample23,G/G,T/T,C/C,C/C,G/G,T/T,T/T,G/G,G/G,T/T,T/T,A/A,G/G,T/T,C/C,A/A,A/A,A/A,C/T,T/T,T/T,C/C,A/A,A/A,T/T,T/T,T/T,T/T,A/A,G/A
sample24,G/G,T/T,C/C,C/C,G/G,C/T,T/T,A/A,G/G,T/T,G/T,A/A,G/G,T/T,C/C,A/G,A/A,A/A,C/T,T/T,T/T,C/C,A/A,A/A,T/T,C/T,T/T,T/T,A/A,G/A
